{"cameraMode":{"drawMode":0,"name":"Shaded","section":"Shading Mode"},"sceneLighting":false,"audioPlay":false,"sceneViewState":{"showFog":true,"showMaterialUpdate":false,"showSkybox":true,"showFlares":true,"showImageEffects":true,"showParticleSystems":true},"in2DMode":false,"pivot":{"x":197.68527221679688,"y":194.73709106445313,"z":-433.77532958984377},"rotation":{"x":-0.2865683138370514,"y":0.19847002625465394,"z":-0.06080956757068634,"w":-0.9353023767471314},"size":32.53867721557617,"orthographic":false}