{"cameraMode":{"drawMode":0,"name":"Shaded","section":"Shading Mode"},"sceneLighting":false,"audioPlay":false,"sceneViewState":{"showFog":true,"showMaterialUpdate":false,"showSkybox":true,"showFlares":true,"showImageEffects":true,"showParticleSystems":true},"in2DMode":false,"pivot":{"x":-0.05606204271316528,"y":0.3675645589828491,"z":0.2134948968887329},"rotation":{"x":-0.16755157709121705,"y":-0.18164415657520295,"z":0.03142527490854263,"w":-0.9684752821922302},"size":44.598506927490237,"orthographic":false}