{"cameraMode":{"drawMode":0,"name":"Shaded","section":"Shading Mode"},"sceneLighting":false,"audioPlay":false,"sceneViewState":{"showFog":true,"showMaterialUpdate":false,"showSkybox":true,"showFlares":true,"showImageEffects":true,"showParticleSystems":true},"in2DMode":false,"pivot":{"x":-0.7508640289306641,"y":26.672183990478517,"z":0.46996068954467776},"rotation":{"x":-0.04381626099348068,"y":0.761023759841919,"z":-0.051684070378541949,"w":-0.6451757550239563},"size":30.706798553466798,"orthographic":false}