{"cameraMode":{"drawMode":0,"name":"Shaded","section":"Shading Mode"},"sceneLighting":false,"audioPlay":false,"sceneViewState":{"showFog":true,"showMaterialUpdate":false,"showSkybox":true,"showFlares":true,"showImageEffects":true,"showParticleSystems":true},"in2DMode":false,"pivot":{"x":20.154430389404298,"y":3.7281785011291506,"z":0.461506187915802},"rotation":{"x":0.030949445441365243,"y":-0.7068548798561096,"z":0.03098754957318306,"w":0.7060014605522156},"size":6.881564617156982,"orthographic":false}