{"cameraMode":{"drawMode":0,"name":"Shaded","section":"Shading Mode"},"sceneLighting":false,"audioPlay":false,"sceneViewState":{"showFog":true,"showMaterialUpdate":false,"showSkybox":true,"showFlares":true,"showImageEffects":true,"showParticleSystems":true},"in2DMode":false,"pivot":{"x":-4.281148433685303,"y":15.86557674407959,"z":0.1759319305419922},"rotation":{"x":-0.09405923634767533,"y":-0.11292633414268494,"z":0.01073947362601757,"w":-0.9890830516815186},"size":28.578840255737306,"orthographic":false}