{"cameraMode":{"drawMode":0,"name":"Shaded","section":"Shading Mode"},"sceneLighting":false,"audioPlay":false,"sceneViewState":{"showFog":true,"showMaterialUpdate":false,"showSkybox":true,"showFlares":true,"showImageEffects":true,"showParticleSystems":true},"in2DMode":false,"pivot":{"x":5.564923286437988,"y":-1.7556848526000977,"z":-1.0860633850097657},"rotation":{"x":0.10397270321846008,"y":-0.8902664184570313,"z":0.25533488392829897,"w":0.36251822113990786},"size":56.569461822509769,"orthographic":false}